time,countries,technology,value
0,AT,HydroRes,1016.0
0,BE,HydroRes,6.0
0,BG,HydroRes,137.0
0,CH,HydroRes,1011.0
0,CZ,HydroRes,272.0
0,DE,HydroRes,130.0
0,ES,HydroRes,5391.0
0,FI,HydroRes,548.0
0,FR,HydroRes,8183.0
0,GR,HydroRes,383.0
0,HR,HydroRes,5666.0
0,HU,HydroRes,12.0
0,IE,HydroRes,1.0
0,IT,HydroRes,4842.0
0,LT,HydroRes,56.0
0,LV,HydroRes,283.0
0,NO,HydroRes,9206.0
0,PL,HydroRes,207.0
0,PT,HydroRes,2618.0
0,RO,HydroRes,2236.0
0,SE,HydroRes,4832.0
0,SI,HydroRes,387.0
0,SK,HydroRes,156.0
0,UK,HydroRes,264.0
1,AT,HydroRes,1015.0
1,BE,HydroRes,6.0
1,BG,HydroRes,137.0
1,CH,HydroRes,1012.0
1,CZ,HydroRes,258.0
1,DE,HydroRes,130.0
1,ES,HydroRes,5254.0
1,FI,HydroRes,548.0
1,FR,HydroRes,7813.0
1,GR,HydroRes,384.0
1,HR,HydroRes,7232.0
1,HU,HydroRes,18.0
1,IE,HydroRes,1.0
1,IT,HydroRes,4717.0
1,LT,HydroRes,56.0
1,LV,HydroRes,283.0
1,NO,HydroRes,9203.0
1,PL,HydroRes,205.0
1,PT,HydroRes,2574.0
1,RO,HydroRes,2398.0
1,SE,HydroRes,4831.0
1,SI,HydroRes,396.0
1,SK,HydroRes,186.0
1,UK,HydroRes,263.0
2,AT,HydroRes,1015.0
2,BE,HydroRes,6.0
2,BG,HydroRes,138.0
2,CH,HydroRes,1014.0
2,CZ,HydroRes,243.0
2,DE,HydroRes,129.0
2,ES,HydroRes,5373.0
2,FI,HydroRes,548.0
2,FR,HydroRes,6920.0
2,GR,HydroRes,388.0
2,HR,HydroRes,8438.0
2,HU,HydroRes,27.0
2,IE,HydroRes,1.0
2,IT,HydroRes,4361.0
2,LT,HydroRes,56.0
2,LV,HydroRes,283.0
2,NO,HydroRes,9201.0
2,PL,HydroRes,206.0
2,PT,HydroRes,2630.0
2,RO,HydroRes,2498.0
2,SE,HydroRes,4830.0
2,SI,HydroRes,396.0
2,SK,HydroRes,192.0
2,UK,HydroRes,263.0
3,AT,HydroRes,1014.0
3,BE,HydroRes,6.0
3,BG,HydroRes,138.0
3,CH,HydroRes,1019.0
3,CZ,HydroRes,231.0
3,DE,HydroRes,129.0
3,ES,HydroRes,5631.0
3,FI,HydroRes,548.0
3,FR,HydroRes,6497.0
3,GR,HydroRes,398.0
3,HR,HydroRes,9762.0
3,HU,HydroRes,37.0
3,IE,HydroRes,1.0
3,IT,HydroRes,3962.0
3,LT,HydroRes,56.0
3,LV,HydroRes,283.0
3,NO,HydroRes,9199.0
3,PL,HydroRes,206.0
3,PT,HydroRes,3193.0
3,RO,HydroRes,2613.0
3,SE,HydroRes,4830.0
3,SI,HydroRes,387.0
3,SK,HydroRes,192.0
3,UK,HydroRes,263.0
4,AT,HydroRes,1014.0
4,BE,HydroRes,6.0
4,BG,HydroRes,139.0
4,CH,HydroRes,1025.0
4,CZ,HydroRes,222.0
4,DE,HydroRes,129.0
4,ES,HydroRes,5859.0
4,FI,HydroRes,548.0
4,FR,HydroRes,6230.0
4,GR,HydroRes,408.0
4,HR,HydroRes,10018.0
4,HU,HydroRes,46.0
4,IE,HydroRes,1.0
4,IT,HydroRes,3716.0
4,LT,HydroRes,56.0
4,LV,HydroRes,283.0
4,NO,HydroRes,9196.0
4,PL,HydroRes,207.0
4,PT,HydroRes,3581.0
4,RO,HydroRes,2664.0
4,SE,HydroRes,4829.0
4,SI,HydroRes,376.0
4,SK,HydroRes,193.0
4,UK,HydroRes,263.0
5,AT,HydroRes,1014.0
5,BE,HydroRes,6.0
5,BG,HydroRes,139.0
5,CH,HydroRes,1033.0
5,CZ,HydroRes,215.0
5,DE,HydroRes,129.0
5,ES,HydroRes,5992.0
5,FI,HydroRes,548.0
5,FR,HydroRes,6216.0
5,GR,HydroRes,423.0
5,HR,HydroRes,9579.0
5,HU,HydroRes,56.0
5,IE,HydroRes,1.0
5,IT,HydroRes,3551.0
5,LT,HydroRes,56.0
5,LV,HydroRes,283.0
5,NO,HydroRes,9194.0
5,PL,HydroRes,206.0
5,PT,HydroRes,3809.0
5,RO,HydroRes,2749.0
5,SE,HydroRes,4828.0
5,SI,HydroRes,365.0
5,SK,HydroRes,189.0
5,UK,HydroRes,263.0
6,AT,HydroRes,1014.0
6,BE,HydroRes,6.0
6,BG,HydroRes,139.0
6,CH,HydroRes,1042.0
6,CZ,HydroRes,211.0
6,DE,HydroRes,129.0
6,ES,HydroRes,6041.0
6,FI,HydroRes,548.0
6,FR,HydroRes,6159.0
6,GR,HydroRes,451.0
6,HR,HydroRes,8798.0
6,HU,HydroRes,63.0
6,IE,HydroRes,1.0
6,IT,HydroRes,3627.0
6,LT,HydroRes,56.0
6,LV,HydroRes,283.0
6,NO,HydroRes,9191.0
6,PL,HydroRes,205.0
6,PT,HydroRes,4022.0
6,RO,HydroRes,2843.0
6,SE,HydroRes,4828.0
6,SI,HydroRes,356.0
6,SK,HydroRes,183.0
6,UK,HydroRes,263.0
7,AT,HydroRes,1018.0
7,BE,HydroRes,6.0
7,BG,HydroRes,140.0
7,CH,HydroRes,1040.0
7,CZ,HydroRes,207.0
7,DE,HydroRes,151.0
7,ES,HydroRes,5943.0
7,FI,HydroRes,535.0
7,FR,HydroRes,6050.0
7,GR,HydroRes,499.0
7,HR,HydroRes,8083.0
7,HU,HydroRes,60.0
7,IE,HydroRes,1.0
7,IT,HydroRes,3820.0
7,LT,HydroRes,53.0
7,LV,HydroRes,271.0
7,NO,HydroRes,9234.0
7,PL,HydroRes,196.0
7,PT,HydroRes,4297.0
7,RO,HydroRes,3296.0
7,SE,HydroRes,4807.0
7,SI,HydroRes,357.0
7,SK,HydroRes,171.0
7,UK,HydroRes,264.0
8,AT,HydroRes,1021.0
8,BE,HydroRes,6.0
8,BG,HydroRes,141.0
8,CH,HydroRes,1040.0
8,CZ,HydroRes,202.0
8,DE,HydroRes,147.0
8,ES,HydroRes,5883.0
8,FI,HydroRes,525.0
8,FR,HydroRes,5923.0
8,GR,HydroRes,545.0
8,HR,HydroRes,7390.0
8,HU,HydroRes,56.0
8,IE,HydroRes,1.0
8,IT,HydroRes,3941.0
8,LT,HydroRes,51.0
8,LV,HydroRes,262.0
8,NO,HydroRes,9267.0
8,PL,HydroRes,189.0
8,PT,HydroRes,4472.0
8,RO,HydroRes,3695.0
8,SE,HydroRes,4790.0
8,SI,HydroRes,359.0
8,SK,HydroRes,161.0
8,UK,HydroRes,265.0
9,AT,HydroRes,1024.0
9,BE,HydroRes,6.0
9,BG,HydroRes,148.0
9,CH,HydroRes,1041.0
9,CZ,HydroRes,198.0
9,DE,HydroRes,143.0
9,ES,HydroRes,5856.0
9,FI,HydroRes,517.0
9,FR,HydroRes,5804.0
9,GR,HydroRes,600.0
9,HR,HydroRes,6771.0
9,HU,HydroRes,53.0
9,IE,HydroRes,1.0
9,IT,HydroRes,4101.0
9,LT,HydroRes,49.0
9,LV,HydroRes,255.0
9,NO,HydroRes,9293.0
9,PL,HydroRes,183.0
9,PT,HydroRes,4448.0
9,RO,HydroRes,4081.0
9,SE,HydroRes,4776.0
9,SI,HydroRes,361.0
9,SK,HydroRes,153.0
9,UK,HydroRes,265.0
10,AT,HydroRes,1028.0
10,BE,HydroRes,6.0
10,BG,HydroRes,161.0
10,CH,HydroRes,1043.0
10,CZ,HydroRes,194.0
10,DE,HydroRes,140.0
10,ES,HydroRes,5801.0
10,FI,HydroRes,511.0
10,FR,HydroRes,5714.0
10,GR,HydroRes,618.0
10,HR,HydroRes,6232.0
10,HU,HydroRes,49.0
10,IE,HydroRes,1.0
10,IT,HydroRes,4260.0
10,LT,HydroRes,47.0
10,LV,HydroRes,249.0
10,NO,HydroRes,9314.0
10,PL,HydroRes,179.0
10,PT,HydroRes,4315.0
10,RO,HydroRes,4482.0
10,SE,HydroRes,4765.0
10,SI,HydroRes,364.0
10,SK,HydroRes,150.0
10,UK,HydroRes,266.0
11,AT,HydroRes,1035.0
11,BE,HydroRes,6.0
11,BG,HydroRes,173.0
11,CH,HydroRes,1046.0
11,CZ,HydroRes,192.0
11,DE,HydroRes,138.0
11,ES,HydroRes,5822.0
11,FI,HydroRes,506.0
11,FR,HydroRes,5643.0
11,GR,HydroRes,662.0
11,HR,HydroRes,5801.0
11,HU,HydroRes,45.0
11,IE,HydroRes,1.0
11,IT,HydroRes,4402.0
11,LT,HydroRes,46.0
11,LV,HydroRes,244.0
11,NO,HydroRes,9331.0
11,PL,HydroRes,175.0
11,PT,HydroRes,4187.0
11,RO,HydroRes,4774.0
11,SE,HydroRes,4755.0
11,SI,HydroRes,368.0
11,SK,HydroRes,148.0
11,UK,HydroRes,266.0
12,AT,HydroRes,1044.0
12,BE,HydroRes,6.0
12,BG,HydroRes,182.0
12,CH,HydroRes,1052.0
12,CZ,HydroRes,189.0
12,DE,HydroRes,136.0
12,ES,HydroRes,5868.0
12,FI,HydroRes,501.0
12,FR,HydroRes,5608.0
12,GR,HydroRes,697.0
12,HR,HydroRes,5522.0
12,HU,HydroRes,42.0
12,IE,HydroRes,1.0
12,IT,HydroRes,4469.0
12,LT,HydroRes,45.0
12,LV,HydroRes,240.0
12,NO,HydroRes,9344.0
12,PL,HydroRes,171.0
12,PT,HydroRes,4038.0
12,RO,HydroRes,4835.0
12,SE,HydroRes,4747.0
12,SI,HydroRes,373.0
12,SK,HydroRes,146.0
12,UK,HydroRes,266.0
13,AT,HydroRes,1054.0
13,BE,HydroRes,6.0
13,BG,HydroRes,186.0
13,CH,HydroRes,1066.0
13,CZ,HydroRes,188.0
13,DE,HydroRes,135.0
13,ES,HydroRes,5926.0
13,FI,HydroRes,497.0
13,FR,HydroRes,5592.0
13,GR,HydroRes,739.0
13,HR,HydroRes,5343.0
13,HU,HydroRes,39.0
13,IE,HydroRes,1.0
13,IT,HydroRes,4484.0
13,LT,HydroRes,44.0
13,LV,HydroRes,236.0
13,NO,HydroRes,9356.0
13,PL,HydroRes,168.0
13,PT,HydroRes,3881.0
13,RO,HydroRes,4773.0
13,SE,HydroRes,4740.0
13,SI,HydroRes,377.0
13,SK,HydroRes,144.0
13,UK,HydroRes,267.0
14,AT,HydroRes,1059.0
14,BE,HydroRes,6.0
14,BG,HydroRes,188.0
14,CH,HydroRes,1088.0
14,CZ,HydroRes,186.0
14,DE,HydroRes,134.0
14,ES,HydroRes,5970.0
14,FI,HydroRes,494.0
14,FR,HydroRes,5548.0
14,GR,HydroRes,790.0
14,HR,HydroRes,5185.0
14,HU,HydroRes,37.0
14,IE,HydroRes,1.0
14,IT,HydroRes,4495.0
14,LT,HydroRes,43.0
14,LV,HydroRes,233.0
14,NO,HydroRes,9366.0
14,PL,HydroRes,165.0
14,PT,HydroRes,3727.0
14,RO,HydroRes,4678.0
14,SE,HydroRes,4735.0
14,SI,HydroRes,379.0
14,SK,HydroRes,139.0
14,UK,HydroRes,267.0
15,AT,HydroRes,1060.0
15,BE,HydroRes,7.0
15,BG,HydroRes,187.0
15,CH,HydroRes,1115.0
15,CZ,HydroRes,185.0
15,DE,HydroRes,133.0
15,ES,HydroRes,5976.0
15,FI,HydroRes,491.0
15,FR,HydroRes,5455.0
15,GR,HydroRes,825.0
15,HR,HydroRes,5014.0
15,HU,HydroRes,35.0
15,IE,HydroRes,1.0
15,IT,HydroRes,4460.0
15,LT,HydroRes,42.0
15,LV,HydroRes,230.0
15,NO,HydroRes,9375.0
15,PL,HydroRes,162.0
15,PT,HydroRes,3581.0
15,RO,HydroRes,4540.0
15,SE,HydroRes,4730.0
15,SI,HydroRes,381.0
15,SK,HydroRes,134.0
15,UK,HydroRes,267.0
16,AT,HydroRes,1060.0
16,BE,HydroRes,7.0
16,BG,HydroRes,188.0
16,CH,HydroRes,1136.0
16,CZ,HydroRes,183.0
16,DE,HydroRes,132.0
16,ES,HydroRes,5935.0
16,FI,HydroRes,488.0
16,FR,HydroRes,5314.0
16,GR,HydroRes,890.0
16,HR,HydroRes,4899.0
16,HU,HydroRes,33.0
16,IE,HydroRes,1.0
16,IT,HydroRes,4422.0
16,LT,HydroRes,41.0
16,LV,HydroRes,228.0
16,NO,HydroRes,9382.0
16,PL,HydroRes,160.0
16,PT,HydroRes,3440.0
16,RO,HydroRes,4389.0
16,SE,HydroRes,4725.0
16,SI,HydroRes,384.0
16,SK,HydroRes,129.0
16,UK,HydroRes,267.0
17,AT,HydroRes,1061.0
17,BE,HydroRes,7.0
17,BG,HydroRes,189.0
17,CH,HydroRes,1151.0
17,CZ,HydroRes,182.0
17,DE,HydroRes,131.0
17,ES,HydroRes,5831.0
17,FI,HydroRes,486.0
17,FR,HydroRes,5165.0
17,GR,HydroRes,957.0
17,HR,HydroRes,4857.0
17,HU,HydroRes,31.0
17,IE,HydroRes,1.0
17,IT,HydroRes,4365.0
17,LT,HydroRes,41.0
17,LV,HydroRes,226.0
17,NO,HydroRes,9388.0
17,PL,HydroRes,158.0
17,PT,HydroRes,3310.0
17,RO,HydroRes,4235.0
17,SE,HydroRes,4720.0
17,SI,HydroRes,387.0
17,SK,HydroRes,126.0
17,UK,HydroRes,267.0
18,AT,HydroRes,1061.0
18,BE,HydroRes,7.0
18,BG,HydroRes,187.0
18,CH,HydroRes,1161.0
18,CZ,HydroRes,181.0
18,DE,HydroRes,131.0
18,ES,HydroRes,5735.0
18,FI,HydroRes,484.0
18,FR,HydroRes,5024.0
18,GR,HydroRes,1038.0
18,HR,HydroRes,4801.0
18,HU,HydroRes,29.0
18,IE,HydroRes,1.0
18,IT,HydroRes,4339.0
18,LT,HydroRes,40.0
18,LV,HydroRes,224.0
18,NO,HydroRes,9393.0
18,PL,HydroRes,156.0
18,PT,HydroRes,3192.0
18,RO,HydroRes,4096.0
18,SE,HydroRes,4716.0
18,SI,HydroRes,391.0
18,SK,HydroRes,122.0
18,UK,HydroRes,267.0
19,AT,HydroRes,1066.0
19,BE,HydroRes,7.0
19,BG,HydroRes,203.0
19,CH,HydroRes,1160.0
19,CZ,HydroRes,180.0
19,DE,HydroRes,130.0
19,ES,HydroRes,5650.0
19,FI,HydroRes,482.0
19,FR,HydroRes,4897.0
19,GR,HydroRes,1093.0
19,HR,HydroRes,4737.0
19,HU,HydroRes,28.0
19,IE,HydroRes,1.0
19,IT,HydroRes,4324.0
19,LT,HydroRes,40.0
19,LV,HydroRes,222.0
19,NO,HydroRes,9397.0
19,PL,HydroRes,154.0
19,PT,HydroRes,3085.0
19,RO,HydroRes,3990.0
19,SE,HydroRes,4713.0
19,SI,HydroRes,397.0
19,SK,HydroRes,119.0
19,UK,HydroRes,267.0
20,AT,HydroRes,1070.0
20,BE,HydroRes,7.0
20,BG,HydroRes,210.0
20,CH,HydroRes,1155.0
20,CZ,HydroRes,178.0
20,DE,HydroRes,130.0
20,ES,HydroRes,5569.0
20,FI,HydroRes,480.0
20,FR,HydroRes,4777.0
20,GR,HydroRes,1166.0
20,HR,HydroRes,4619.0
20,HU,HydroRes,27.0
20,IE,HydroRes,1.0
20,IT,HydroRes,4274.0
20,LT,HydroRes,40.0
20,LV,HydroRes,220.0
20,NO,HydroRes,9400.0
20,PL,HydroRes,152.0
20,PT,HydroRes,2989.0
20,RO,HydroRes,3887.0
20,SE,HydroRes,4710.0
20,SI,HydroRes,403.0
20,SK,HydroRes,116.0
20,UK,HydroRes,267.0
21,AT,HydroRes,1075.0
21,BE,HydroRes,7.0
21,BG,HydroRes,223.0
21,CH,HydroRes,1148.0
21,CZ,HydroRes,177.0
21,DE,HydroRes,129.0
21,ES,HydroRes,5493.0
21,FI,HydroRes,478.0
21,FR,HydroRes,4657.0
21,GR,HydroRes,1217.0
21,HR,HydroRes,4489.0
21,HU,HydroRes,26.0
21,IE,HydroRes,1.0
21,IT,HydroRes,4229.0
21,LT,HydroRes,39.0
21,LV,HydroRes,219.0
21,NO,HydroRes,9403.0
21,PL,HydroRes,151.0
21,PT,HydroRes,2901.0
21,RO,HydroRes,3783.0
21,SE,HydroRes,4706.0
21,SI,HydroRes,409.0
21,SK,HydroRes,113.0
21,UK,HydroRes,267.0
22,AT,HydroRes,1079.0
22,BE,HydroRes,7.0
22,BG,HydroRes,231.0
22,CH,HydroRes,1141.0
22,CZ,HydroRes,176.0
22,DE,HydroRes,129.0
22,ES,HydroRes,5425.0
22,FI,HydroRes,477.0
22,FR,HydroRes,4546.0
22,GR,HydroRes,1273.0
22,HR,HydroRes,4355.0
22,HU,HydroRes,25.0
22,IE,HydroRes,1.0
22,IT,HydroRes,4167.0
22,LT,HydroRes,39.0
22,LV,HydroRes,218.0
22,NO,HydroRes,9405.0
22,PL,HydroRes,149.0
22,PT,HydroRes,2821.0
22,RO,HydroRes,3683.0
22,SE,HydroRes,4704.0
22,SI,HydroRes,413.0
22,SK,HydroRes,111.0
22,UK,HydroRes,267.0
23,AT,HydroRes,1082.0
23,BE,HydroRes,7.0
23,BG,HydroRes,233.0
23,CH,HydroRes,1134.0
23,CZ,HydroRes,175.0
23,DE,HydroRes,128.0
23,ES,HydroRes,5362.0
23,FI,HydroRes,476.0
23,FR,HydroRes,4443.0
23,GR,HydroRes,1336.0
23,HR,HydroRes,4225.0
23,HU,HydroRes,24.0
23,IE,HydroRes,1.0
23,IT,HydroRes,4088.0
23,LT,HydroRes,39.0
23,LV,HydroRes,217.0
23,NO,HydroRes,9406.0
23,PL,HydroRes,148.0
23,PT,HydroRes,2747.0
23,RO,HydroRes,3589.0
23,SE,HydroRes,4701.0
23,SI,HydroRes,416.0
23,SK,HydroRes,108.0
23,UK,HydroRes,267.0
24,AT,HydroRes,1086.0
24,BE,HydroRes,7.0
24,BG,HydroRes,232.0
24,CH,HydroRes,1128.0
24,CZ,HydroRes,174.0
24,DE,HydroRes,128.0
24,ES,HydroRes,5301.0
24,FI,HydroRes,475.0
24,FR,HydroRes,4344.0
24,GR,HydroRes,1370.0
24,HR,HydroRes,4106.0
24,HU,HydroRes,23.0
24,IE,HydroRes,1.0
24,IT,HydroRes,4011.0
24,LT,HydroRes,38.0
24,LV,HydroRes,216.0
24,NO,HydroRes,9408.0
24,PL,HydroRes,147.0
24,PT,HydroRes,2679.0
24,RO,HydroRes,3507.0
24,SE,HydroRes,4698.0
24,SI,HydroRes,419.0
24,SK,HydroRes,106.0
24,UK,HydroRes,267.0
25,AT,HydroRes,1088.0
25,BE,HydroRes,7.0
25,BG,HydroRes,231.0
25,CH,HydroRes,1123.0
25,CZ,HydroRes,173.0
25,DE,HydroRes,127.0
25,ES,HydroRes,5242.0
25,FI,HydroRes,473.0
25,FR,HydroRes,4251.0
25,GR,HydroRes,1412.0
25,HR,HydroRes,4001.0
25,HU,HydroRes,22.0
25,IE,HydroRes,1.0
25,IT,HydroRes,3936.0
25,LT,HydroRes,38.0
25,LV,HydroRes,215.0
25,NO,HydroRes,9409.0
25,PL,HydroRes,146.0
25,PT,HydroRes,2616.0
25,RO,HydroRes,3437.0
25,SE,HydroRes,4696.0
25,SI,HydroRes,421.0
25,SK,HydroRes,104.0
25,UK,HydroRes,267.0
26,AT,HydroRes,1090.0
26,BE,HydroRes,7.0
26,BG,HydroRes,229.0
26,CH,HydroRes,1118.0
26,CZ,HydroRes,172.0
26,DE,HydroRes,127.0
26,ES,HydroRes,5187.0
26,FI,HydroRes,472.0
26,FR,HydroRes,4163.0
26,GR,HydroRes,1447.0
26,HR,HydroRes,3901.0
26,HU,HydroRes,21.0
26,IE,HydroRes,1.0
26,IT,HydroRes,3865.0
26,LT,HydroRes,38.0
26,LV,HydroRes,214.0
26,NO,HydroRes,9410.0
26,PL,HydroRes,145.0
26,PT,HydroRes,2558.0
26,RO,HydroRes,3375.0
26,SE,HydroRes,4694.0
26,SI,HydroRes,424.0
26,SK,HydroRes,102.0
26,UK,HydroRes,267.0
27,AT,HydroRes,1092.0
27,BE,HydroRes,7.0
27,BG,HydroRes,227.0
27,CH,HydroRes,1113.0
27,CZ,HydroRes,172.0
27,DE,HydroRes,126.0
27,ES,HydroRes,5136.0
27,FI,HydroRes,471.0
27,FR,HydroRes,4080.0
27,GR,HydroRes,1507.0
27,HR,HydroRes,3808.0
27,HU,HydroRes,20.0
27,IE,HydroRes,1.0
27,IT,HydroRes,3798.0
27,LT,HydroRes,38.0
27,LV,HydroRes,213.0
27,NO,HydroRes,9410.0
27,PL,HydroRes,144.0
27,PT,HydroRes,2506.0
27,RO,HydroRes,3319.0
27,SE,HydroRes,4692.0
27,SI,HydroRes,427.0
27,SK,HydroRes,101.0
27,UK,HydroRes,267.0
28,AT,HydroRes,1095.0
28,BE,HydroRes,7.0
28,BG,HydroRes,225.0
28,CH,HydroRes,1109.0
28,CZ,HydroRes,171.0
28,DE,HydroRes,126.0
28,ES,HydroRes,5093.0
28,FI,HydroRes,471.0
28,FR,HydroRes,4004.0
28,GR,HydroRes,1545.0
28,HR,HydroRes,3723.0
28,HU,HydroRes,20.0
28,IE,HydroRes,1.0
28,IT,HydroRes,3733.0
28,LT,HydroRes,37.0
28,LV,HydroRes,212.0
28,NO,HydroRes,9411.0
28,PL,HydroRes,143.0
28,PT,HydroRes,2461.0
28,RO,HydroRes,3259.0
28,SE,HydroRes,4690.0
28,SI,HydroRes,429.0
28,SK,HydroRes,99.0
28,UK,HydroRes,267.0
29,AT,HydroRes,1096.0
29,BE,HydroRes,7.0
29,BG,HydroRes,226.0
29,CH,HydroRes,1105.0
29,CZ,HydroRes,170.0
29,DE,HydroRes,126.0
29,ES,HydroRes,5057.0
29,FI,HydroRes,470.0
29,FR,HydroRes,3933.0
29,GR,HydroRes,1589.0
29,HR,HydroRes,3646.0
29,HU,HydroRes,19.0
29,IE,HydroRes,1.0
29,IT,HydroRes,3669.0
29,LT,HydroRes,37.0
29,LV,HydroRes,211.0
29,NO,HydroRes,9411.0
29,PL,HydroRes,142.0
29,PT,HydroRes,2420.0
29,RO,HydroRes,3201.0
29,SE,HydroRes,4688.0
29,SI,HydroRes,432.0
29,SK,HydroRes,98.0
29,UK,HydroRes,267.0
30,AT,HydroRes,1096.0
30,BE,HydroRes,7.0
30,BG,HydroRes,229.0
30,CH,HydroRes,1101.0
30,CZ,HydroRes,169.0
30,DE,HydroRes,125.0
30,ES,HydroRes,5026.0
30,FI,HydroRes,469.0
30,FR,HydroRes,3865.0
30,GR,HydroRes,1608.0
30,HR,HydroRes,3571.0
30,HU,HydroRes,19.0
30,IE,HydroRes,1.0
30,IT,HydroRes,3610.0
30,LT,HydroRes,37.0
30,LV,HydroRes,211.0
30,NO,HydroRes,9411.0
30,PL,HydroRes,141.0
30,PT,HydroRes,2379.0
30,RO,HydroRes,3141.0
30,SE,HydroRes,4686.0
30,SI,HydroRes,436.0
30,SK,HydroRes,96.0
30,UK,HydroRes,267.0
31,AT,HydroRes,1095.0
31,BE,HydroRes,7.0
31,BG,HydroRes,238.0
31,CH,HydroRes,1098.0
31,CZ,HydroRes,169.0
31,DE,HydroRes,125.0
31,ES,HydroRes,4994.0
31,FI,HydroRes,468.0
31,FR,HydroRes,3802.0
31,GR,HydroRes,1617.0
31,HR,HydroRes,3502.0
31,HU,HydroRes,18.0
31,IE,HydroRes,1.0
31,IT,HydroRes,3558.0
31,LT,HydroRes,37.0
31,LV,HydroRes,210.0
31,NO,HydroRes,9411.0
31,PL,HydroRes,140.0
31,PT,HydroRes,2339.0
31,RO,HydroRes,3086.0
31,SE,HydroRes,4684.0
31,SI,HydroRes,442.0
31,SK,HydroRes,95.0
31,UK,HydroRes,267.0
32,AT,HydroRes,1093.0
32,BE,HydroRes,7.0
32,BG,HydroRes,243.0
32,CH,HydroRes,1095.0
32,CZ,HydroRes,168.0
32,DE,HydroRes,125.0
32,ES,HydroRes,4969.0
32,FI,HydroRes,468.0
32,FR,HydroRes,3743.0
32,GR,HydroRes,1629.0
32,HR,HydroRes,3446.0
32,HU,HydroRes,18.0
32,IE,HydroRes,1.0
32,IT,HydroRes,3504.0
32,LT,HydroRes,37.0
32,LV,HydroRes,209.0
32,NO,HydroRes,9410.0
32,PL,HydroRes,140.0
32,PT,HydroRes,2300.0
32,RO,HydroRes,3032.0
32,SE,HydroRes,4682.0
32,SI,HydroRes,447.0
32,SK,HydroRes,94.0
32,UK,HydroRes,267.0
33,AT,HydroRes,1092.0
33,BE,HydroRes,7.0
33,BG,HydroRes,248.0
33,CH,HydroRes,1091.0
33,CZ,HydroRes,168.0
33,DE,HydroRes,124.0
33,ES,HydroRes,4948.0
33,FI,HydroRes,467.0
33,FR,HydroRes,3687.0
33,GR,HydroRes,1642.0
33,HR,HydroRes,3406.0
33,HU,HydroRes,17.0
33,IE,HydroRes,1.0
33,IT,HydroRes,3455.0
33,LT,HydroRes,36.0
33,LV,HydroRes,209.0
33,NO,HydroRes,9410.0
33,PL,HydroRes,139.0
33,PT,HydroRes,2263.0
33,RO,HydroRes,2978.0
33,SE,HydroRes,4681.0
33,SI,HydroRes,450.0
33,SK,HydroRes,93.0
33,UK,HydroRes,267.0
34,AT,HydroRes,1091.0
34,BE,HydroRes,7.0
34,BG,HydroRes,253.0
34,CH,HydroRes,1089.0
34,CZ,HydroRes,167.0
34,DE,HydroRes,124.0
34,ES,HydroRes,4932.0
34,FI,HydroRes,466.0
34,FR,HydroRes,3636.0
34,GR,HydroRes,1680.0
34,HR,HydroRes,3383.0
34,HU,HydroRes,17.0
34,IE,HydroRes,1.0
34,IT,HydroRes,3411.0
34,LT,HydroRes,36.0
34,LV,HydroRes,208.0
34,NO,HydroRes,9410.0
34,PL,HydroRes,139.0
34,PT,HydroRes,2229.0
34,RO,HydroRes,2926.0
34,SE,HydroRes,4679.0
34,SI,HydroRes,453.0
34,SK,HydroRes,92.0
34,UK,HydroRes,267.0
35,AT,HydroRes,1089.0
35,BE,HydroRes,7.0
35,BG,HydroRes,257.0
35,CH,HydroRes,1086.0
35,CZ,HydroRes,167.0
35,DE,HydroRes,124.0
35,ES,HydroRes,4922.0
35,FI,HydroRes,466.0
35,FR,HydroRes,3587.0
35,GR,HydroRes,1703.0
35,HR,HydroRes,3367.0
35,HU,HydroRes,16.0
35,IE,HydroRes,1.0
35,IT,HydroRes,3370.0
35,LT,HydroRes,36.0
35,LV,HydroRes,208.0
35,NO,HydroRes,9409.0
35,PL,HydroRes,138.0
35,PT,HydroRes,2199.0
35,RO,HydroRes,2875.0
35,SE,HydroRes,4677.0
35,SI,HydroRes,453.0
35,SK,HydroRes,91.0
35,UK,HydroRes,267.0
36,AT,HydroRes,1088.0
36,BE,HydroRes,7.0
36,BG,HydroRes,260.0
36,CH,HydroRes,1084.0
36,CZ,HydroRes,166.0
36,DE,HydroRes,124.0
36,ES,HydroRes,4923.0
36,FI,HydroRes,465.0
36,FR,HydroRes,3542.0
36,GR,HydroRes,1729.0
36,HR,HydroRes,3346.0
36,HU,HydroRes,16.0
36,IE,HydroRes,1.0
36,IT,HydroRes,3340.0
36,LT,HydroRes,36.0
36,LV,HydroRes,207.0
36,NO,HydroRes,9408.0
36,PL,HydroRes,137.0
36,PT,HydroRes,2171.0
36,RO,HydroRes,2824.0
36,SE,HydroRes,4676.0
36,SI,HydroRes,453.0
36,SK,HydroRes,90.0
36,UK,HydroRes,267.0
37,AT,HydroRes,1087.0
37,BE,HydroRes,7.0
37,BG,HydroRes,263.0
37,CH,HydroRes,1081.0
37,CZ,HydroRes,166.0
37,DE,HydroRes,124.0
37,ES,HydroRes,4936.0
37,FI,HydroRes,465.0
37,FR,HydroRes,3498.0
37,GR,HydroRes,1748.0
37,HR,HydroRes,3327.0
37,HU,HydroRes,15.0
37,IE,HydroRes,1.0
37,IT,HydroRes,3308.0
37,LT,HydroRes,36.0
37,LV,HydroRes,207.0
37,NO,HydroRes,9407.0
37,PL,HydroRes,137.0
37,PT,HydroRes,2143.0
37,RO,HydroRes,2772.0
37,SE,HydroRes,4674.0
37,SI,HydroRes,451.0
37,SK,HydroRes,89.0
37,UK,HydroRes,267.0
38,AT,HydroRes,1086.0
38,BE,HydroRes,7.0
38,BG,HydroRes,265.0
38,CH,HydroRes,1079.0
38,CZ,HydroRes,165.0
38,DE,HydroRes,123.0
38,ES,HydroRes,4957.0
38,FI,HydroRes,464.0
38,FR,HydroRes,3456.0
38,GR,HydroRes,1771.0
38,HR,HydroRes,3296.0
38,HU,HydroRes,15.0
38,IE,HydroRes,1.0
38,IT,HydroRes,3274.0
38,LT,HydroRes,36.0
38,LV,HydroRes,207.0
38,NO,HydroRes,9406.0
38,PL,HydroRes,137.0
38,PT,HydroRes,2116.0
38,RO,HydroRes,2720.0
38,SE,HydroRes,4673.0
38,SI,HydroRes,449.0
38,SK,HydroRes,88.0
38,UK,HydroRes,267.0
39,AT,HydroRes,1085.0
39,BE,HydroRes,7.0
39,BG,HydroRes,266.0
39,CH,HydroRes,1077.0
39,CZ,HydroRes,165.0
39,DE,HydroRes,123.0
39,ES,HydroRes,4969.0
39,FI,HydroRes,464.0
39,FR,HydroRes,3416.0
39,GR,HydroRes,1780.0
39,HR,HydroRes,3249.0
39,HU,HydroRes,15.0
39,IE,HydroRes,1.0
39,IT,HydroRes,3244.0
39,LT,HydroRes,36.0
39,LV,HydroRes,206.0
39,NO,HydroRes,9405.0
39,PL,HydroRes,136.0
39,PT,HydroRes,2090.0
39,RO,HydroRes,2671.0
39,SE,HydroRes,4672.0
39,SI,HydroRes,447.0
39,SK,HydroRes,88.0
39,UK,HydroRes,267.0
40,AT,HydroRes,1084.0
40,BE,HydroRes,7.0
40,BG,HydroRes,266.0
40,CH,HydroRes,1075.0
40,CZ,HydroRes,164.0
40,DE,HydroRes,123.0
40,ES,HydroRes,4973.0
40,FI,HydroRes,463.0
40,FR,HydroRes,3378.0
40,GR,HydroRes,1787.0
40,HR,HydroRes,3195.0
40,HU,HydroRes,14.0
40,IE,HydroRes,1.0
40,IT,HydroRes,3207.0
40,LT,HydroRes,36.0
40,LV,HydroRes,206.0
40,NO,HydroRes,9404.0
40,PL,HydroRes,136.0
40,PT,HydroRes,2066.0
40,RO,HydroRes,2620.0
40,SE,HydroRes,4671.0
40,SI,HydroRes,445.0
40,SK,HydroRes,87.0
40,UK,HydroRes,267.0
41,AT,HydroRes,1083.0
41,BE,HydroRes,7.0
41,BG,HydroRes,265.0
41,CH,HydroRes,1073.0
41,CZ,HydroRes,164.0
41,DE,HydroRes,123.0
41,ES,HydroRes,4962.0
41,FI,HydroRes,463.0
41,FR,HydroRes,3342.0
41,GR,HydroRes,1779.0
41,HR,HydroRes,3139.0
41,HU,HydroRes,14.0
41,IE,HydroRes,1.0
41,IT,HydroRes,3166.0
41,LT,HydroRes,36.0
41,LV,HydroRes,205.0
41,NO,HydroRes,9403.0
41,PL,HydroRes,135.0
41,PT,HydroRes,2043.0
41,RO,HydroRes,2573.0
41,SE,HydroRes,4670.0
41,SI,HydroRes,442.0
41,SK,HydroRes,86.0
41,UK,HydroRes,267.0
42,AT,HydroRes,1082.0
42,BE,HydroRes,7.0
42,BG,HydroRes,264.0
42,CH,HydroRes,1071.0
42,CZ,HydroRes,164.0
42,DE,HydroRes,123.0
42,ES,HydroRes,4951.0
42,FI,HydroRes,462.0
42,FR,HydroRes,3307.0
42,GR,HydroRes,1769.0
42,HR,HydroRes,3082.0
42,HU,HydroRes,14.0
42,IE,HydroRes,1.0
42,IT,HydroRes,3128.0
42,LT,HydroRes,35.0
42,LV,HydroRes,205.0
42,NO,HydroRes,9402.0
42,PL,HydroRes,135.0
42,PT,HydroRes,2022.0
42,RO,HydroRes,2527.0
42,SE,HydroRes,4668.0
42,SI,HydroRes,440.0
42,SK,HydroRes,85.0
42,UK,HydroRes,267.0
43,AT,HydroRes,1081.0
43,BE,HydroRes,7.0
43,BG,HydroRes,265.0
43,CH,HydroRes,1070.0
43,CZ,HydroRes,163.0
43,DE,HydroRes,123.0
43,ES,HydroRes,4953.0
43,FI,HydroRes,462.0
43,FR,HydroRes,3275.0
43,GR,HydroRes,1756.0
43,HR,HydroRes,3032.0
43,HU,HydroRes,14.0
43,IE,HydroRes,1.0
43,IT,HydroRes,3093.0
43,LT,HydroRes,35.0
43,LV,HydroRes,205.0
43,NO,HydroRes,9400.0
43,PL,HydroRes,134.0
43,PT,HydroRes,2001.0
43,RO,HydroRes,2484.0
43,SE,HydroRes,4667.0
43,SI,HydroRes,438.0
43,SK,HydroRes,85.0
43,UK,HydroRes,267.0
44,AT,HydroRes,1080.0
44,BE,HydroRes,7.0
44,BG,HydroRes,264.0
44,CH,HydroRes,1068.0
44,CZ,HydroRes,163.0
44,DE,HydroRes,123.0
44,ES,HydroRes,4951.0
44,FI,HydroRes,462.0
44,FR,HydroRes,3244.0
44,GR,HydroRes,1753.0
44,HR,HydroRes,2979.0
44,HU,HydroRes,13.0
44,IE,HydroRes,1.0
44,IT,HydroRes,3060.0
44,LT,HydroRes,35.0
44,LV,HydroRes,204.0
44,NO,HydroRes,9399.0
44,PL,HydroRes,134.0
44,PT,HydroRes,1979.0
44,RO,HydroRes,2443.0
44,SE,HydroRes,4666.0
44,SI,HydroRes,436.0
44,SK,HydroRes,84.0
44,UK,HydroRes,267.0
45,AT,HydroRes,1080.0
45,BE,HydroRes,7.0
45,BG,HydroRes,265.0
45,CH,HydroRes,1067.0
45,CZ,HydroRes,163.0
45,DE,HydroRes,122.0
45,ES,HydroRes,4942.0
45,FI,HydroRes,461.0
45,FR,HydroRes,3214.0
45,GR,HydroRes,1740.0
45,HR,HydroRes,2929.0
45,HU,HydroRes,13.0
45,IE,HydroRes,1.0
45,IT,HydroRes,3032.0
45,LT,HydroRes,35.0
45,LV,HydroRes,204.0
45,NO,HydroRes,9397.0
45,PL,HydroRes,134.0
45,PT,HydroRes,1958.0
45,RO,HydroRes,2403.0
45,SE,HydroRes,4665.0
45,SI,HydroRes,434.0
45,SK,HydroRes,83.0
45,UK,HydroRes,267.0
46,AT,HydroRes,1079.0
46,BE,HydroRes,7.0
46,BG,HydroRes,266.0
46,CH,HydroRes,1065.0
46,CZ,HydroRes,162.0
46,DE,HydroRes,122.0
46,ES,HydroRes,4937.0
46,FI,HydroRes,461.0
46,FR,HydroRes,3185.0
46,GR,HydroRes,1720.0
46,HR,HydroRes,2881.0
46,HU,HydroRes,13.0
46,IE,HydroRes,1.0
46,IT,HydroRes,3003.0
46,LT,HydroRes,35.0
46,LV,HydroRes,204.0
46,NO,HydroRes,9396.0
46,PL,HydroRes,133.0
46,PT,HydroRes,1938.0
46,RO,HydroRes,2365.0
46,SE,HydroRes,4664.0
46,SI,HydroRes,432.0
46,SK,HydroRes,83.0
46,UK,HydroRes,266.0
47,AT,HydroRes,1078.0
47,BE,HydroRes,7.0
47,BG,HydroRes,268.0
47,CH,HydroRes,1064.0
47,CZ,HydroRes,162.0
47,DE,HydroRes,122.0
47,ES,HydroRes,4928.0
47,FI,HydroRes,460.0
47,FR,HydroRes,3158.0
47,GR,HydroRes,1703.0
47,HR,HydroRes,2834.0
47,HU,HydroRes,13.0
47,IE,HydroRes,1.0
47,IT,HydroRes,2971.0
47,LT,HydroRes,35.0
47,LV,HydroRes,204.0
47,NO,HydroRes,9394.0
47,PL,HydroRes,133.0
47,PT,HydroRes,1919.0
47,RO,HydroRes,2329.0
47,SE,HydroRes,4662.0
47,SI,HydroRes,431.0
47,SK,HydroRes,82.0
47,UK,HydroRes,266.0
